teamId,teamCity,teamName,teamAbbrev,seasonFounded,seasonActiveTill,league
1610612737,Tri-Cities,Blackhawks,TRI  ,1970-01-01 00:00:00.000001946,1970-01-01 00:00:00.000001948,BAA
1610612737,Milwaukee,Hawks,MIL  ,1970-01-01 00:00:00.000001951,1970-01-01 00:00:00.000001954,NBA
1610612737,St. Louis,Hawks,STL  ,1970-01-01 00:00:00.000001955,1970-01-01 00:00:00.000001967,NBA
1610612737,Atlanta,Hawks,ATL  ,1970-01-01 00:00:00.000001968,1970-01-01 00:00:00.000002100,NBA
1610612738,Boston,Celtics,BOS  ,1970-01-01 00:00:00.000001946,1970-01-01 00:00:00.000001948,BAA
1610612739,Cleveland,Cavaliers,CLE  ,1970-01-01 00:00:00.000001970,1970-01-01 00:00:00.000002100,NBA
1610612740,New Orleans,Hornets,NOH  ,1970-01-01 00:00:00.000002002,1970-01-01 00:00:00.000002004,NBA
1610612740,Oklahoma City,Hornets,NOK  ,1970-01-01 00:00:00.000002005,1970-01-01 00:00:00.000002006,NBA
1610612740,New Orleans,Hornets,NOH  ,1970-01-01 00:00:00.000002007,1970-01-01 00:00:00.000002012,NBA
1610612740,New Orleans,Pelicans,NOP  ,1970-01-01 00:00:00.000002013,1970-01-01 00:00:00.000002100,NBA
1610612741,Chicago,Bulls,CHI  ,1970-01-01 00:00:00.000001966,1970-01-01 00:00:00.000002100,NBA
1610612742,Dallas,Mavericks,DAL  ,1970-01-01 00:00:00.000001980,1970-01-01 00:00:00.000002100,NBA
1610612743,Denver,Nuggets,DEN  ,1970-01-01 00:00:00.000001976,1970-01-01 00:00:00.000002100,NBA
1610612744,Philadelphia,Warriors,PHI  ,1970-01-01 00:00:00.000001946,1970-01-01 00:00:00.000001948,BAA
1610612744,San Francisco,Warriors,SF   ,1970-01-01 00:00:00.000001962,1970-01-01 00:00:00.000001970,NBA
1610612744,Golden State,Warriors,GSW  ,1970-01-01 00:00:00.000001971,1970-01-01 00:00:00.000002100,NBA
1610612745,San Diego,Rockets,SD   ,1970-01-01 00:00:00.000001967,1970-01-01 00:00:00.000001970,NBA
1610612745,Houston,Rockets,HOU  ,1970-01-01 00:00:00.000001971,1970-01-01 00:00:00.000002100,NBA
1610612746,Buffalo,Braves,BUF  ,1970-01-01 00:00:00.000001970,1970-01-01 00:00:00.000001977,NBA
1610612746,San Diego,Clippers,SDC  ,1970-01-01 00:00:00.000001978,1970-01-01 00:00:00.000001983,NBA
1610612746,Los Angeles,Clippers,LAC  ,1970-01-01 00:00:00.000001984,1970-01-01 00:00:00.000002100,NBA
1610612747,Minneapolis,Lakers,MIN  ,1970-01-01 00:00:00.000001948,1970-01-01 00:00:00.000001948,BAA
1610612747,Los Angeles,Lakers,LAL  ,1970-01-01 00:00:00.000001960,1970-01-01 00:00:00.000002100,NBA
1610612748,Miami,Heat,MIA  ,1970-01-01 00:00:00.000001988,1970-01-01 00:00:00.000002100,NBA
1610612749,Milwaukee,Bucks,MIL  ,1970-01-01 00:00:00.000001968,1970-01-01 00:00:00.000002100,NBA
1610612750,Minnesota,Timberwolves,MIN  ,1970-01-01 00:00:00.000001989,1970-01-01 00:00:00.000002100,NBA
1610612751,New York,Nets,NYK  ,1970-01-01 00:00:00.000001976,1970-01-01 00:00:00.000001976,NBA
1610612751,New Jersey,Nets,NJ   ,1970-01-01 00:00:00.000001977,1970-01-01 00:00:00.000002011,NBA
1610612751,Brooklyn,Nets,BKN  ,1970-01-01 00:00:00.000002012,1970-01-01 00:00:00.000002100,NBA
1610612752,New York,Knicks,NYK  ,1970-01-01 00:00:00.000001946,1970-01-01 00:00:00.000001948,BAA
1610612753,Orlando,Magic,ORL  ,1970-01-01 00:00:00.000001989,1970-01-01 00:00:00.000002100,NBA
1610612754,Indiana,Pacers,IND  ,1970-01-01 00:00:00.000001976,1970-01-01 00:00:00.000002100,NBA
1610612755,Syracuse,Nationals,SYR  ,1970-01-01 00:00:00.000001949,1970-01-01 00:00:00.000001962,BAA
1610612755,Philadelphia,76ers,PHI  ,1970-01-01 00:00:00.000001963,1970-01-01 00:00:00.000002100,NBA
1610612756,Phoenix,Suns,PHX  ,1970-01-01 00:00:00.000001968,1970-01-01 00:00:00.000002100,NBA
1610612757,Portland,Trail Blazers,POR  ,1970-01-01 00:00:00.000001970,1970-01-01 00:00:00.000002100,NBA
1610612758,Rochester,Royals,ROC  ,1970-01-01 00:00:00.000001948,1970-01-01 00:00:00.000001948,BAA
1610612758,Cincinnati,Royals,CIN  ,1970-01-01 00:00:00.000001957,1970-01-01 00:00:00.000001971,NBA
1610612758,Kansas City-Omaha,Kings,KCO  ,1970-01-01 00:00:00.000001972,1970-01-01 00:00:00.000001974,NBA
1610612758,Kansas City,Kings,KC   ,1970-01-01 00:00:00.000001975,1970-01-01 00:00:00.000001984,NBA
1610612758,Sacramento,Kings,SAC  ,1970-01-01 00:00:00.000001985,1970-01-01 00:00:00.000002100,NBA
1610612759,San Antonio,Spurs,SAN  ,1970-01-01 00:00:00.000001976,1970-01-01 00:00:00.000002100,NBA
1610612760,Seattle,SuperSonics,SEA  ,1970-01-01 00:00:00.000001967,1970-01-01 00:00:00.000002007,NBA
1610612760,Oklahoma City,Thunder,OKC  ,1970-01-01 00:00:00.000002008,1970-01-01 00:00:00.000002100,NBA
1610612761,Toronto,Raptors,TOR  ,1970-01-01 00:00:00.000001995,1970-01-01 00:00:00.000002100,NBA
1610612762,New Orleans,Jazz,NEO  ,1970-01-01 00:00:00.000001974,1970-01-01 00:00:00.000001978,NBA
1610612762,Utah,Jazz,UTA  ,1970-01-01 00:00:00.000001979,1970-01-01 00:00:00.000002100,NBA
1610612763,Vancouver,Grizzlies,VAN  ,1970-01-01 00:00:00.000001995,1970-01-01 00:00:00.000002000,NBA
1610612763,Memphis,Grizzlies,MEM  ,1970-01-01 00:00:00.000002001,1970-01-01 00:00:00.000002100,NBA
1610612764,Chicago,Packers,CHI  ,1970-01-01 00:00:00.000001961,1970-01-01 00:00:00.000001961,NBA
1610612764,Chicago,Zephyrs,CHI  ,1970-01-01 00:00:00.000001962,1970-01-01 00:00:00.000001962,NBA
1610612764,Baltimore,Bullets,BAL  ,1970-01-01 00:00:00.000001963,1970-01-01 00:00:00.000001972,NBA
1610612764,Capital,Bullets,CAP  ,1970-01-01 00:00:00.000001973,1970-01-01 00:00:00.000001973,NBA
1610612764,Washington,Bullets,WAS  ,1970-01-01 00:00:00.000001974,1970-01-01 00:00:00.000001996,NBA
1610612764,Washington,Wizards,WAS  ,1970-01-01 00:00:00.000001997,1970-01-01 00:00:00.000002100,NBA
1610612765,Ft. Wayne Zollner,Pistons,FWZ  ,1970-01-01 00:00:00.000001948,1970-01-01 00:00:00.000001948,BAA
1610612765,Detroit,Pistons,DET  ,1970-01-01 00:00:00.000001957,1970-01-01 00:00:00.000002100,NBA
1610612766,Charlotte,Hornets,CHA  ,1970-01-01 00:00:00.000001988,1970-01-01 00:00:00.000002001,NBA
1610612766,Charlotte,Bobcats,CHA  ,1970-01-01 00:00:00.000002004,1970-01-01 00:00:00.000002013,NBA
1610612766,Charlotte,Hornets,CHA  ,1970-01-01 00:00:00.000002014,1970-01-01 00:00:00.000002100,NBA
9001,Pittsburgh,Ironmen,PIT  ,1970-01-01 00:00:00.000001946,1970-01-01 00:00:00.000001948,BAA
1610612738,Boston,Celtics,BOS  ,1970-01-01 00:00:00.000001949,1970-01-01 00:00:00.000002100,NBA
9003,Siena,Montepaschi Siena,MPS  ,1970-01-01 00:00:00.000001934,1970-01-01 00:00:00.000002100,LBA
9005,Rome,Lottomatica Roma,LRO  ,1970-01-01 00:00:00.000001960,1970-01-01 00:00:00.000002020,LBA
1610612747,Minneapolis,Lakers,LAL  ,1970-01-01 00:00:00.000001949,1970-01-01 00:00:00.000001959,NBA
9007,Beijing,Ducks,BJD  ,1970-01-01 00:00:00.000001995,1970-01-01 00:00:00.000002100,CBA
9009,Athens,Olympiacos,OLP  ,1970-01-01 00:00:00.000001931,1970-01-01 00:00:00.000002100,EuroLeague
1610612758,Rochester,Royals,ROC  ,1970-01-01 00:00:00.000001949,1970-01-01 00:00:00.000001956,NBA
9011,Istanbul,Efes Pilsen,EPT  ,1970-01-01 00:00:00.000001976,1970-01-01 00:00:00.000002100,EuroLeague
1610612765,Ft. Wayne Zollner,Pistons,FWZ  ,1970-01-01 00:00:00.000001949,1970-01-01 00:00:00.000001956,NBA
9013,All-Star,Team Durant,DRT  ,1970-01-01 00:00:00.000002021,1970-01-01 00:00:00.000002022,NBA
9015,Washington,Capitols,WAS  ,1970-01-01 00:00:00.000001949,1970-01-01 00:00:00.000001949,NBA
9015,Washington,Capitols,WAS  ,1970-01-01 00:00:00.000001946,1970-01-01 00:00:00.000001948,BAA
9059,Chicago,Stags,CHS  ,1970-01-01 00:00:00.000001949,1970-01-01 00:00:00.000001950,NBA
9017,Cleveland,Rebels,CLR  ,1970-01-01 00:00:00.000001946,1970-01-01 00:00:00.000001948,BAA
9063,Sheboygan,Redskins,SHE  ,1970-01-01 00:00:00.000001949,1970-01-01 00:00:00.000001950,NBA
9019,Shanghai,Sharks,SDS  ,1970-01-01 00:00:00.000001996,1970-01-01 00:00:00.000002100,CBA
9012,St. Louis,Bombers,BOM  ,1970-01-01 00:00:00.000001949,1970-01-01 00:00:00.000001950,NBA
9021,Rome,Virtus Lottomatica,ROM  ,1970-01-01 00:00:00.000001960,1970-01-01 00:00:00.000002020,LBA
9028,Anderson,Packers,AND  ,1970-01-01 00:00:00.000001949,1970-01-01 00:00:00.000001950,NBA
9023,Istanbul,Fenerbahce,FEN  ,1970-01-01 00:00:00.000001913,1970-01-01 00:00:00.000002100,EuroLeague
1610612752,New York,Knicks,NYK  ,1970-01-01 00:00:00.000001949,1970-01-01 00:00:00.000002100,NBA
9025,All-Star,Team Giannis,GNS  ,1970-01-01 00:00:00.000002019,1970-01-01 00:00:00.000002023,NBA
1610612744,Philadelphia,Warriors,PHI  ,1970-01-01 00:00:00.000001949,1970-01-01 00:00:00.000001961,NBA
9027,Adelaide,36ers,ADL  ,1970-01-01 00:00:00.000001982,1970-01-01 00:00:00.000002100,NBL
9029,Auckland,Breakers,NZB  ,1970-01-01 00:00:00.000002003,1970-01-01 00:00:00.000002100,NBL
9031,Istanbul,Fenerbahce Ulker,FBU  ,1970-01-01 00:00:00.000002006,1970-01-01 00:00:00.000002015,EuroLeague
9033,East,NBA All-Stars,EST  ,1970-01-01 00:00:00.000001951,1970-01-01 00:00:00.000002100,NBA
9035,Athens,Panathinaikos,PAN  ,1970-01-01 00:00:00.000001919,1970-01-01 00:00:00.000002100,EuroLeague
9037,Cairns,Taipans,CNS  ,1970-01-01 00:00:00.000001999,1970-01-01 00:00:00.000002100,NBL
9039,All-Star,Team LeBron,LBN  ,1970-01-01 00:00:00.000002018,1970-01-01 00:00:00.000002100,NBA
9041,Barcelona,Regal FC Barcelona,BAR  ,1970-01-01 00:00:00.000002011,1970-01-01 00:00:00.000002013,EuroLeague
9043,All-Star,Team Giannis,GNS  ,1970-01-01 00:00:00.000002019,1970-01-01 00:00:00.000002100,NBA
9045,Bilbao,Bilbao Basket,UBB  ,1970-01-01 00:00:00.000002000,1970-01-01 00:00:00.000002100,EuroCup
9047,Madrid,Real Madrid,RMA  ,1970-01-01 00:00:00.000001931,1970-01-01 00:00:00.000002100,EuroLeague
9049,Buenos Aires,San Lorenzo,SLA  ,1970-01-01 00:00:00.000001936,1970-01-01 00:00:00.000002100,Liga Nacional
1610612755,Syracuse,Nationals,SYR  ,1970-01-01 00:00:00.000001946,1970-01-01 00:00:00.000001948,NBL
9051,Haifa,Maccabi Haifa,MAC  ,1970-01-01 00:00:00.000001953,1970-01-01 00:00:00.000002100,Israeli Premier League
1610612737,Tri-Cities,Blackhawks,TRI  ,1970-01-01 00:00:00.000001948,1970-01-01 00:00:00.000001950,NBA
9053,Madrid,Baloncesto (Real Madrid),RMD  ,1970-01-01 00:00:00.000001931,1970-01-01 00:00:00.000002100,EuroLeague
9055,Milan,EA7 Emporio Armani Milano,EAM  ,1970-01-01 00:00:00.000002011,1970-01-01 00:00:00.000002019,EuroLeague
9057,Shanghai,Shanghai Sharks,SDS  ,1970-01-01 00:00:00.000001996,1970-01-01 00:00:00.000002100,CBA
9059,Chicago,Stags,CHS  ,1970-01-01 00:00:00.000001946,1970-01-01 00:00:00.000001948,BAA
9061,Moscow,CSKA,MOS  ,1970-01-01 00:00:00.000001923,1970-01-01 00:00:00.000002100,EuroLeague
9063,Sheboygan,Redskins,SHE  ,1970-01-01 00:00:00.000001938,1970-01-01 00:00:00.000001948,BAA
9065,Madrid,Real Madrid,RMD  ,1970-01-01 00:00:00.000001931,1970-01-01 00:00:00.000002100,EuroLeague
9067,West,NBA All-Stars,WST  ,1970-01-01 00:00:00.000001951,1970-01-01 00:00:00.000002100,NBA
9002,Waterloo,Hawks,WAT  ,1970-01-01 00:00:00.000001949,1970-01-01 00:00:00.000001948,NBL
9004,Barcelona,FC Barcelona Regal,FCB  ,1970-01-01 00:00:00.000001926,1970-01-01 00:00:00.000002100,EuroLeague
9006,Belgrade,Partizan,PAR  ,1970-01-01 00:00:00.000001945,1970-01-01 00:00:00.000002100,EuroLeague
9008,Indianapolis,Jets,JET  ,1970-01-01 00:00:00.000001948,1970-01-01 00:00:00.000001948,BAA
9010,Khimki,BC Khimki,KHI  ,1970-01-01 00:00:00.000001997,1970-01-01 00:00:00.000002100,VTB United League
9012,St. Louis,Bombers,BOM  ,1970-01-01 00:00:00.000001946,1970-01-01 00:00:00.000001948,BAA
9014,Franca (Brazil),SESI/Franca,FRA  ,1970-01-01 00:00:00.000001959,1970-01-01 00:00:00.000002100,NBB
9016,Brisbane,Bullets,BNE  ,1970-01-01 00:00:00.000001979,1970-01-01 00:00:00.000002100,NBL
9018,Vilnius,Lietuvos Rytas,LRY  ,1970-01-01 00:00:00.000001997,1970-01-01 00:00:00.000002100,EuroCup
9020,Detroit,Falcons,DEF  ,1970-01-01 00:00:00.000001946,1970-01-01 00:00:00.000001948,BAA
9022,Barcelona,Winterthur FC Barcelona,BAR  ,1970-01-01 00:00:00.000002005,1970-01-01 00:00:00.000002007,EuroLeague
9024,Vitoria-Gasteiz,Caja Laboral (Baskonia),LAB  ,1970-01-01 00:00:00.000002009,1970-01-01 00:00:00.000002013,Liga ACB
9026,Lyon-Villeurbanne,Adecco ASVEL,LYV  ,1970-01-01 00:00:00.000001948,1970-01-01 00:00:00.000002100,EuroLeague
9028,Anderson,Packers,AND  ,1970-01-01 00:00:00.000001946,1970-01-01 00:00:00.000001948,NBL
9030,Milan,Armani Jeans Milano,MLN  ,1970-01-01 00:00:00.000002008,1970-01-01 00:00:00.000002011,EuroLeague
9032,Perth,Wildcats,PER  ,1970-01-01 00:00:00.000001982,1970-01-01 00:00:00.000002100,NBL
9034,Sydney,Kings,SYD  ,1970-01-01 00:00:00.000001988,1970-01-01 00:00:00.000002100,NBL
9036,China,Team China,CHN  ,1970-01-01 00:00:00.000001936,1970-01-01 00:00:00.000002100,CBA
9038,Malaga,Unicaja,MAL  ,1970-01-01 00:00:00.000001977,1970-01-01 00:00:00.000002100,EuroCup
9040,All-Star,All-Star LeBron,LBN  ,1970-01-01 00:00:00.000002018,1970-01-01 00:00:00.000002100,NBA
9042,Toronto,Huskies,HUS  ,1970-01-01 00:00:00.000001946,1970-01-01 00:00:00.000001948,BAA
9044,Berlin,ALBA Berlin,ALB  ,1970-01-01 00:00:00.000001991,1970-01-01 00:00:00.000002100,EuroLeague
9046,Madrid,MMT Estudiantes,MMT  ,1970-01-01 00:00:00.000002007,1970-01-01 00:00:00.000002011,EuroLeague
9048,Guangzhou,Long-Lions,GUA  ,1970-01-01 00:00:00.000002010,1970-01-01 00:00:00.000002100,CBA
9050,Melbourne,United,MEL  ,1970-01-01 00:00:00.000002014,1970-01-01 00:00:00.000002100,NBL
9052,Tel Aviv,Maccabi Elite,MTA  ,1970-01-01 00:00:00.000001969,1970-01-01 00:00:00.000002008,EuroLeague
9054,Tel Aviv,Maccabi Electra,MTA  ,1970-01-01 00:00:00.000002008,1970-01-01 00:00:00.000002015,EuroLeague
9056,Providence,Steamrollers,PRO  ,1970-01-01 00:00:00.000001946,1970-01-01 00:00:00.000001948,BAA
9058,Indianapolis,Olympians,INO  ,1970-01-01 00:00:00.000001949,1970-01-01 00:00:00.000001948,BAA
9060,Rio de Janeiro,Flamengo,FLA  ,1970-01-01 00:00:00.000001919,1970-01-01 00:00:00.000002100,Liga Nacional
9062,All-Star,Team Stephen,STP  ,1970-01-01 00:00:00.000002018,1970-01-01 00:00:00.000002018,NBA
9064,Kaunas,Zalgiris,ZAK  ,1970-01-01 00:00:00.000001944,1970-01-01 00:00:00.000002100,EuroLeague
9066,Raanana,Maccabi Ra anana,MRA  ,1970-01-01 00:00:00.000001980,1970-01-01 00:00:00.000002100,Israeli Premier League
